[2025-08-22 19:25:55,950] Pranshus-MacBook-Pro/INFO/locust.main: Starting Locust 2.38.1
[2025-08-22 19:25:55,990] Pranshus-MacBook-Pro/INFO/locust.runners: Pranshus-MacBook-Pro.local_c6ac62f4db1a4c088ab1ad60b2552ece (index 0) reported as ready. 1 workers connected.
[2025-08-22 19:25:55,991] Pranshus-MacBook-Pro/INFO/locust.runners: Pranshus-MacBook-Pro.local_023fc80ce0164067aaa79ca79973ab1c (index 1) reported as ready. 2 workers connected.
[2025-08-22 19:25:55,991] Pranshus-MacBook-Pro/INFO/locust.runners: Pranshus-MacBook-Pro.local_7605eddf66164be59e610f75f4435961 (index 2) reported as ready. 3 workers connected.
[2025-08-22 19:25:55,992] Pranshus-MacBook-Pro/INFO/locust.runners: Pranshus-MacBook-Pro.local_4a6c3c65fa614eb79fcb5cc23e562ec9 (index 3) reported as ready. 4 workers connected.
[2025-08-22 19:25:55,992] Pranshus-MacBook-Pro/INFO/locust.runners: Pranshus-MacBook-Pro.local_88a5bc83155e4936ade163ec0db96369 (index 4) reported as ready. 5 workers connected.
Type     Name                                                                          # reqs      # fails |    Avg     Min     Max    Med |   req/s  failures/s
--------|----------------------------------------------------------------------------|-------|-------------|-------|-------|-------|-------|--------|-----------
--------|----------------------------------------------------------------------------|-------|-------------|-------|-------|-------|-------|--------|-----------
         Aggregated                                                                         0     0(0.00%) |      0       0       0      0 |    0.00        0.00

[2025-08-22 19:25:55,996] Pranshus-MacBook-Pro/INFO/locust.runners: Pranshus-MacBook-Pro.local_ece4fd0993664dd7a6b93f1989c59840 (index 5) reported as ready. 6 workers connected.
[2025-08-22 19:25:56,140] Pranshus-MacBook-Pro/INFO/locust.runners: Pranshus-MacBook-Pro.local_094cd99a8e4f4722ba447690c9ea66af (index 6) reported as ready. 7 workers connected.
[2025-08-22 19:25:56,141] Pranshus-MacBook-Pro/INFO/locust.runners: Pranshus-MacBook-Pro.local_b20760de342f456e986678e1d8380d9f (index 7) reported as ready. 8 workers connected.
[2025-08-22 19:25:56,141] Pranshus-MacBook-Pro/INFO/locust.runners: Pranshus-MacBook-Pro.local_6458726a4eac48a5819e2273ca39d022 (index 8) reported as ready. 9 workers connected.
[2025-08-22 19:25:56,141] Pranshus-MacBook-Pro/INFO/locust.runners: Pranshus-MacBook-Pro.local_eeb598652d1a4b6a99421437976561c0 (index 9) reported as ready. 10 workers connected.
[2025-08-22 19:25:56,142] Pranshus-MacBook-Pro/INFO/locust.runners: Pranshus-MacBook-Pro.local_433e57aa30dc46f7a600c6d87f648207 (index 10) reported as ready. 11 workers connected.
[2025-08-22 19:25:56,993] Pranshus-MacBook-Pro/INFO/locust.main: Run time limit set to 120 seconds
[2025-08-22 19:25:56,994] Pranshus-MacBook-Pro/INFO/locust.runners: Sending spawn jobs of 1000 users at 100.00 spawn rate to 11 ready workers
Type     Name                                                                          # reqs      # fails |    Avg     Min     Max    Med |   req/s  failures/s
--------|----------------------------------------------------------------------------|-------|-------------|-------|-------|-------|-------|--------|-----------
--------|----------------------------------------------------------------------------|-------|-------------|-------|-------|-------|-------|--------|-----------
         Aggregated                                                                         0     0(0.00%) |      0       0       0      0 |    0.00        0.00

Type     Name                                                                          # reqs      # fails |    Avg     Min     Max    Med |   req/s  failures/s
--------|----------------------------------------------------------------------------|-------|-------------|-------|-------|-------|-------|--------|-----------
GET      /                                                                                214     0(0.00%) |    154      30     194    160 |    0.00        0.00
--------|----------------------------------------------------------------------------|-------|-------------|-------|-------|-------|-------|--------|-----------
         Aggregated                                                                       214     0(0.00%) |    154      30     194    160 |    0.00        0.00

Type     Name                                                                          # reqs      # fails |    Avg     Min     Max    Med |   req/s  failures/s
--------|----------------------------------------------------------------------------|-------|-------------|-------|-------|-------|-------|--------|-----------
GET      /                                                                                456     0(0.00%) |    155      30     317    160 |   71.33        0.00
--------|----------------------------------------------------------------------------|-------|-------------|-------|-------|-------|-------|--------|-----------
         Aggregated                                                                       456     0(0.00%) |    155      30     317    160 |   71.33        0.00

Type     Name                                                                          # reqs      # fails |    Avg     Min     Max    Med |   req/s  failures/s
--------|----------------------------------------------------------------------------|-------|-------------|-------|-------|-------|-------|--------|-----------
GET      /                                                                                747     0(0.00%) |    159      30     334    160 |   86.50        0.00
--------|----------------------------------------------------------------------------|-------|-------------|-------|-------|-------|-------|--------|-----------
         Aggregated                                                                       747     0(0.00%) |    159      30     334    160 |   86.50        0.00

Type     Name                                                                          # reqs      # fails |    Avg     Min     Max    Med |   req/s  failures/s
--------|----------------------------------------------------------------------------|-------|-------------|-------|-------|-------|-------|--------|-----------
GET      /                                                                               1558     0(0.00%) |    195      30     579    170 |  141.00        0.00
--------|----------------------------------------------------------------------------|-------|-------------|-------|-------|-------|-------|--------|-----------
         Aggregated                                                                      1558     0(0.00%) |    195      30     579    170 |  141.00        0.00

[2025-08-22 19:26:06,115] Pranshus-MacBook-Pro/INFO/locust.runners: All users spawned: {"WebsiteUser": 1000} (1000 total users)
Type     Name                                                                          # reqs      # fails |    Avg     Min     Max    Med |   req/s  failures/s
--------|----------------------------------------------------------------------------|-------|-------------|-------|-------|-------|-------|--------|-----------
GET      /                                                                               1992     0(0.00%) |    214      30     881    170 |  172.33        0.00
--------|----------------------------------------------------------------------------|-------|-------------|-------|-------|-------|-------|--------|-----------
         Aggregated                                                                      1992     0(0.00%) |    214      30     881    170 |  172.33        0.00

Type     Name                                                                          # reqs      # fails |    Avg     Min     Max    Med |   req/s  failures/s
--------|----------------------------------------------------------------------------|-------|-------------|-------|-------|-------|-------|--------|-----------
GET      /                                                                               2521     0(0.00%) |    227      30     886    180 |  186.40        0.00
--------|----------------------------------------------------------------------------|-------|-------------|-------|-------|-------|-------|--------|-----------
         Aggregated                                                                      2521     0(0.00%) |    227      30     886    180 |  186.40        0.00

Type     Name                                                                          # reqs      # fails |    Avg     Min     Max    Med |   req/s  failures/s
--------|----------------------------------------------------------------------------|-------|-------------|-------|-------|-------|-------|--------|-----------
GET      /                                                                               3538     0(0.00%) |    179      25     886    110 |  258.50        0.00
--------|----------------------------------------------------------------------------|-------|-------------|-------|-------|-------|-------|--------|-----------
         Aggregated                                                                      3538     0(0.00%) |    179      25     886    110 |  258.50        0.00

Type     Name                                                                          # reqs      # fails |    Avg     Min     Max    Med |   req/s  failures/s
--------|----------------------------------------------------------------------------|-------|-------------|-------|-------|-------|-------|--------|-----------
GET      /                                                                               3959     0(0.00%) |    167      25     886     83 |  298.40        0.00
--------|----------------------------------------------------------------------------|-------|-------------|-------|-------|-------|-------|--------|-----------
         Aggregated                                                                      3959     0(0.00%) |    167      25     886     83 |  298.40        0.00

Type     Name                                                                          # reqs      # fails |    Avg     Min     Max    Med |   req/s  failures/s
--------|----------------------------------------------------------------------------|-------|-------------|-------|-------|-------|-------|--------|-----------
GET      /                                                                               4489     0(0.00%) |    155      25     886     76 |  309.70        0.00
--------|----------------------------------------------------------------------------|-------|-------------|-------|-------|-------|-------|--------|-----------
         Aggregated                                                                      4489     0(0.00%) |    155      25     886     76 |  309.70        0.00

Type     Name                                                                          # reqs      # fails |    Avg     Min     Max    Med |   req/s  failures/s
--------|----------------------------------------------------------------------------|-------|-------------|-------|-------|-------|-------|--------|-----------
GET      /                                                                               5504     0(0.00%) |    140      25     886     75 |  325.60        0.00
--------|----------------------------------------------------------------------------|-------|-------------|-------|-------|-------|-------|--------|-----------
         Aggregated                                                                      5504     0(0.00%) |    140      25     886     75 |  325.60        0.00

Type     Name                                                                          # reqs      # fails |    Avg     Min     Max    Med |   req/s  failures/s
--------|----------------------------------------------------------------------------|-------|-------------|-------|-------|-------|-------|--------|-----------
GET      /                                                                               5945     0(0.00%) |    134      25     886     73 |  334.00        0.00
--------|----------------------------------------------------------------------------|-------|-------------|-------|-------|-------|-------|--------|-----------
         Aggregated                                                                      5945     0(0.00%) |    134      25     886     73 |  334.00        0.00

Type     Name                                                                          # reqs      # fails |    Avg     Min     Max    Med |   req/s  failures/s
--------|----------------------------------------------------------------------------|-------|-------------|-------|-------|-------|-------|--------|-----------
GET      /                                                                               6446     0(0.00%) |    129      25     886     72 |  328.10        0.00
--------|----------------------------------------------------------------------------|-------|-------------|-------|-------|-------|-------|--------|-----------
         Aggregated                                                                      6446     0(0.00%) |    129      25     886     72 |  328.10        0.00

Type     Name                                                                          # reqs      # fails |    Avg     Min     Max    Med |   req/s  failures/s
--------|----------------------------------------------------------------------------|-------|-------------|-------|-------|-------|-------|--------|-----------
GET      /                                                                               7434     0(0.00%) |    121      25     886     71 |  323.20        0.00
--------|----------------------------------------------------------------------------|-------|-------------|-------|-------|-------|-------|--------|-----------
         Aggregated                                                                      7434     0(0.00%) |    121      25     886     71 |  323.20        0.00

Type     Name                                                                          # reqs      # fails |    Avg     Min     Max    Med |   req/s  failures/s
--------|----------------------------------------------------------------------------|-------|-------------|-------|-------|-------|-------|--------|-----------
GET      /                                                                               7901     0(0.00%) |    119      12     886     71 |  326.70        0.00
--------|----------------------------------------------------------------------------|-------|-------------|-------|-------|-------|-------|--------|-----------
         Aggregated                                                                      7901     0(0.00%) |    119      12     886     71 |  326.70        0.00

Type     Name                                                                          # reqs      # fails |    Avg     Min     Max    Med |   req/s  failures/s
--------|----------------------------------------------------------------------------|-------|-------------|-------|-------|-------|-------|--------|-----------
GET      /                                                                               8428     0(0.00%) |    116      12     886     71 |  329.00        0.00
--------|----------------------------------------------------------------------------|-------|-------------|-------|-------|-------|-------|--------|-----------
         Aggregated                                                                      8428     0(0.00%) |    116      12     886     71 |  329.00        0.00

Type     Name                                                                          # reqs      # fails |    Avg     Min     Max    Med |   req/s  failures/s
--------|----------------------------------------------------------------------------|-------|-------------|-------|-------|-------|-------|--------|-----------
GET      /                                                                               9410     0(0.00%) |    111      12     886     70 |  326.10        0.00
--------|----------------------------------------------------------------------------|-------|-------------|-------|-------|-------|-------|--------|-----------
         Aggregated                                                                      9410     0(0.00%) |    111      12     886     70 |  326.10        0.00

Type     Name                                                                          # reqs      # fails |    Avg     Min     Max    Med |   req/s  failures/s
--------|----------------------------------------------------------------------------|-------|-------------|-------|-------|-------|-------|--------|-----------
GET      /                                                                               9874     0(0.00%) |    109      12     886     70 |  328.40        0.00
--------|----------------------------------------------------------------------------|-------|-------------|-------|-------|-------|-------|--------|-----------
         Aggregated                                                                      9874     0(0.00%) |    109      12     886     70 |  328.40        0.00

Type     Name                                                                          # reqs      # fails |    Avg     Min     Max    Med |   req/s  failures/s
--------|----------------------------------------------------------------------------|-------|-------------|-------|-------|-------|-------|--------|-----------
GET      /                                                                              10427     0(0.00%) |    107      12     886     70 |  328.60        0.00
--------|----------------------------------------------------------------------------|-------|-------------|-------|-------|-------|-------|--------|-----------
         Aggregated                                                                     10427     0(0.00%) |    107      12     886     70 |  328.50        0.00

Type     Name                                                                          # reqs      # fails |    Avg     Min     Max    Med |   req/s  failures/s
--------|----------------------------------------------------------------------------|-------|-------------|-------|-------|-------|-------|--------|-----------
GET      /                                                                              11390     0(0.00%) |    104      12     886     70 |  330.70        0.00
--------|----------------------------------------------------------------------------|-------|-------------|-------|-------|-------|-------|--------|-----------
         Aggregated                                                                     11390     0(0.00%) |    104      12     886     70 |  330.70        0.00

Type     Name                                                                          # reqs      # fails |    Avg     Min     Max    Med |   req/s  failures/s
--------|----------------------------------------------------------------------------|-------|-------------|-------|-------|-------|-------|--------|-----------
GET      /                                                                              11822     0(0.00%) |    102      12     886     70 |  330.10        0.00
--------|----------------------------------------------------------------------------|-------|-------------|-------|-------|-------|-------|--------|-----------
         Aggregated                                                                     11822     0(0.00%) |    102      12     886     70 |  330.10        0.00

Type     Name                                                                          # reqs      # fails |    Avg     Min     Max    Med |   req/s  failures/s
--------|----------------------------------------------------------------------------|-------|-------------|-------|-------|-------|-------|--------|-----------
GET      /                                                                              12359     0(0.00%) |    101      12     886     70 |  326.80        0.00
--------|----------------------------------------------------------------------------|-------|-------------|-------|-------|-------|-------|--------|-----------
         Aggregated                                                                     12359     0(0.00%) |    101      12     886     70 |  326.80        0.00

Type     Name                                                                          # reqs      # fails |    Avg     Min     Max    Med |   req/s  failures/s
--------|----------------------------------------------------------------------------|-------|-------------|-------|-------|-------|-------|--------|-----------
GET      /                                                                              13362     0(0.00%) |     99      12     886     70 |  329.00        0.00
--------|----------------------------------------------------------------------------|-------|-------------|-------|-------|-------|-------|--------|-----------
         Aggregated                                                                     13362     0(0.00%) |     99      12     886     70 |  329.00        0.00

Type     Name                                                                          # reqs      # fails |    Avg     Min     Max    Med |   req/s  failures/s
--------|----------------------------------------------------------------------------|-------|-------------|-------|-------|-------|-------|--------|-----------
GET      /                                                                              13798     0(0.00%) |     98      12     886     69 |  312.00        0.00
--------|----------------------------------------------------------------------------|-------|-------------|-------|-------|-------|-------|--------|-----------
         Aggregated                                                                     13798     0(0.00%) |     98      12     886     69 |  312.00        0.00

Type     Name                                                                          # reqs      # fails |    Avg     Min     Max    Med |   req/s  failures/s
--------|----------------------------------------------------------------------------|-------|-------------|-------|-------|-------|-------|--------|-----------
GET      /                                                                              14349     0(0.00%) |     97      12     886     69 |  327.00        0.00
--------|----------------------------------------------------------------------------|-------|-------------|-------|-------|-------|-------|--------|-----------
         Aggregated                                                                     14349     0(0.00%) |     97      12     886     69 |  327.00        0.00

Type     Name                                                                          # reqs      # fails |    Avg     Min     Max    Med |   req/s  failures/s
--------|----------------------------------------------------------------------------|-------|-------------|-------|-------|-------|-------|--------|-----------
GET      /                                                                              15335     0(0.00%) |     95      12     886     69 |  327.70        0.00
--------|----------------------------------------------------------------------------|-------|-------------|-------|-------|-------|-------|--------|-----------
         Aggregated                                                                     15335     0(0.00%) |     95      12     886     69 |  327.70        0.00

Type     Name                                                                          # reqs      # fails |    Avg     Min     Max    Med |   req/s  failures/s
--------|----------------------------------------------------------------------------|-------|-------------|-------|-------|-------|-------|--------|-----------
GET      /                                                                              15764     0(0.00%) |     94      12     886     69 |  332.40        0.00
--------|----------------------------------------------------------------------------|-------|-------------|-------|-------|-------|-------|--------|-----------
         Aggregated                                                                     15764     0(0.00%) |     94      12     886     69 |  332.40        0.00

Type     Name                                                                          # reqs      # fails |    Avg     Min     Max    Med |   req/s  failures/s
--------|----------------------------------------------------------------------------|-------|-------------|-------|-------|-------|-------|--------|-----------
GET      /                                                                              16294     0(0.00%) |     93      12     886     69 |  329.00        0.00
--------|----------------------------------------------------------------------------|-------|-------------|-------|-------|-------|-------|--------|-----------
         Aggregated                                                                     16294     0(0.00%) |     93      12     886     69 |  329.00        0.00

Type     Name                                                                          # reqs      # fails |    Avg     Min     Max    Med |   req/s  failures/s
--------|----------------------------------------------------------------------------|-------|-------------|-------|-------|-------|-------|--------|-----------
GET      /                                                                              17285     0(0.00%) |     92      12     886     69 |  322.10        0.00
--------|----------------------------------------------------------------------------|-------|-------------|-------|-------|-------|-------|--------|-----------
         Aggregated                                                                     17285     0(0.00%) |     92      12     886     69 |  322.10        0.00

Type     Name                                                                          # reqs      # fails |    Avg     Min     Max    Med |   req/s  failures/s
--------|----------------------------------------------------------------------------|-------|-------------|-------|-------|-------|-------|--------|-----------
GET      /                                                                              17739     0(0.00%) |     91      12     886     69 |  325.10        0.00
--------|----------------------------------------------------------------------------|-------|-------------|-------|-------|-------|-------|--------|-----------
         Aggregated                                                                     17739     0(0.00%) |     91      12     886     69 |  325.10        0.00

Type     Name                                                                          # reqs      # fails |    Avg     Min     Max    Med |   req/s  failures/s
--------|----------------------------------------------------------------------------|-------|-------------|-------|-------|-------|-------|--------|-----------
GET      /                                                                              18248     0(0.00%) |     90      12     886     68 |  324.20        0.00
--------|----------------------------------------------------------------------------|-------|-------------|-------|-------|-------|-------|--------|-----------
         Aggregated                                                                     18248     0(0.00%) |     90      12     886     68 |  324.20        0.00

Type     Name                                                                          # reqs      # fails |    Avg     Min     Max    Med |   req/s  failures/s
--------|----------------------------------------------------------------------------|-------|-------------|-------|-------|-------|-------|--------|-----------
GET      /                                                                              19239     0(0.00%) |     89      12     886     68 |  323.10        0.00
--------|----------------------------------------------------------------------------|-------|-------------|-------|-------|-------|-------|--------|-----------
         Aggregated                                                                     19239     0(0.00%) |     89      12     886     68 |  323.10        0.00

Type     Name                                                                          # reqs      # fails |    Avg     Min     Max    Med |   req/s  failures/s
--------|----------------------------------------------------------------------------|-------|-------------|-------|-------|-------|-------|--------|-----------
GET      /                                                                              19677     0(0.00%) |     89      12     886     68 |  313.00        0.00
--------|----------------------------------------------------------------------------|-------|-------------|-------|-------|-------|-------|--------|-----------
         Aggregated                                                                     19677     0(0.00%) |     89      12     886     68 |  313.00        0.00

Type     Name                                                                          # reqs      # fails |    Avg     Min     Max    Med |   req/s  failures/s
--------|----------------------------------------------------------------------------|-------|-------------|-------|-------|-------|-------|--------|-----------
GET      /                                                                              20217     0(0.00%) |     88      12     886     68 |  328.60        0.00
--------|----------------------------------------------------------------------------|-------|-------------|-------|-------|-------|-------|--------|-----------
         Aggregated                                                                     20217     0(0.00%) |     88      12     886     68 |  328.60        0.00

Type     Name                                                                          # reqs      # fails |    Avg     Min     Max    Med |   req/s  failures/s
--------|----------------------------------------------------------------------------|-------|-------------|-------|-------|-------|-------|--------|-----------
GET      /                                                                              21182     0(0.00%) |     88      12     886     68 |  327.00        0.00
--------|----------------------------------------------------------------------------|-------|-------------|-------|-------|-------|-------|--------|-----------
         Aggregated                                                                     21182     0(0.00%) |     88      12     886     68 |  327.00        0.00

Type     Name                                                                          # reqs      # fails |    Avg     Min     Max    Med |   req/s  failures/s
--------|----------------------------------------------------------------------------|-------|-------------|-------|-------|-------|-------|--------|-----------
GET      /                                                                              21624     0(0.00%) |     88      12     886     68 |  307.60        0.00
--------|----------------------------------------------------------------------------|-------|-------------|-------|-------|-------|-------|--------|-----------
         Aggregated                                                                     21624     0(0.00%) |     88      12     886     68 |  307.60        0.00

Type     Name                                                                          # reqs      # fails |    Avg     Min     Max    Med |   req/s  failures/s
--------|----------------------------------------------------------------------------|-------|-------------|-------|-------|-------|-------|--------|-----------
GET      /                                                                              22169     0(0.00%) |     87      12     886     68 |  324.10        0.00
--------|----------------------------------------------------------------------------|-------|-------------|-------|-------|-------|-------|--------|-----------
         Aggregated                                                                     22169     0(0.00%) |     87      12     886     68 |  324.10        0.00

Type     Name                                                                          # reqs      # fails |    Avg     Min     Max    Med |   req/s  failures/s
--------|----------------------------------------------------------------------------|-------|-------------|-------|-------|-------|-------|--------|-----------
GET      /                                                                              23142     0(0.00%) |     86      12     886     68 |  325.80        0.00
--------|----------------------------------------------------------------------------|-------|-------------|-------|-------|-------|-------|--------|-----------
         Aggregated                                                                     23142     0(0.00%) |     86      12     886     68 |  325.80        0.00

Type     Name                                                                          # reqs      # fails |    Avg     Min     Max    Med |   req/s  failures/s
--------|----------------------------------------------------------------------------|-------|-------------|-------|-------|-------|-------|--------|-----------
GET      /                                                                              23582     0(0.00%) |     86      12     886     68 |  309.60        0.00
--------|----------------------------------------------------------------------------|-------|-------------|-------|-------|-------|-------|--------|-----------
         Aggregated                                                                     23582     0(0.00%) |     86      12     886     68 |  309.60        0.00

Type     Name                                                                          # reqs      # fails |    Avg     Min     Max    Med |   req/s  failures/s
--------|----------------------------------------------------------------------------|-------|-------------|-------|-------|-------|-------|--------|-----------
GET      /                                                                              24125     0(0.00%) |     85      12     886     68 |  324.90        0.00
--------|----------------------------------------------------------------------------|-------|-------------|-------|-------|-------|-------|--------|-----------
         Aggregated                                                                     24125     0(0.00%) |     85      12     886     68 |  324.90        0.00

Type     Name                                                                          # reqs      # fails |    Avg     Min     Max    Med |   req/s  failures/s
--------|----------------------------------------------------------------------------|-------|-------------|-------|-------|-------|-------|--------|-----------
GET      /                                                                              25082     0(0.00%) |     85      12     886     68 |  324.70        0.00
--------|----------------------------------------------------------------------------|-------|-------------|-------|-------|-------|-------|--------|-----------
         Aggregated                                                                     25082     0(0.00%) |     85      12     886     68 |  324.70        0.00

Type     Name                                                                          # reqs      # fails |    Avg     Min     Max    Med |   req/s  failures/s
--------|----------------------------------------------------------------------------|-------|-------------|-------|-------|-------|-------|--------|-----------
GET      /                                                                              25523     0(0.00%) |     84      12     886     68 |  309.00        0.00
--------|----------------------------------------------------------------------------|-------|-------------|-------|-------|-------|-------|--------|-----------
         Aggregated                                                                     25523     0(0.00%) |     84      12     886     68 |  309.00        0.00

Type     Name                                                                          # reqs      # fails |    Avg     Min     Max    Med |   req/s  failures/s
--------|----------------------------------------------------------------------------|-------|-------------|-------|-------|-------|-------|--------|-----------
GET      /                                                                              26037     0(0.00%) |     84      12     886     68 |  323.30        0.00
--------|----------------------------------------------------------------------------|-------|-------------|-------|-------|-------|-------|--------|-----------
         Aggregated                                                                     26037     0(0.00%) |     84      12     886     68 |  323.30        0.00

Type     Name                                                                          # reqs      # fails |    Avg     Min     Max    Med |   req/s  failures/s
--------|----------------------------------------------------------------------------|-------|-------------|-------|-------|-------|-------|--------|-----------
GET      /                                                                              27015     0(0.00%) |     83      12     886     68 |  320.30        0.00
--------|----------------------------------------------------------------------------|-------|-------------|-------|-------|-------|-------|--------|-----------
         Aggregated                                                                     27015     0(0.00%) |     83      12     886     68 |  320.30        0.00

Type     Name                                                                          # reqs      # fails |    Avg     Min     Max    Med |   req/s  failures/s
--------|----------------------------------------------------------------------------|-------|-------------|-------|-------|-------|-------|--------|-----------
GET      /                                                                              27463     0(0.00%) |     83      12     886     67 |  306.90        0.00
--------|----------------------------------------------------------------------------|-------|-------------|-------|-------|-------|-------|--------|-----------
         Aggregated                                                                     27463     0(0.00%) |     83      12     886     67 |  306.90        0.00

Type     Name                                                                          # reqs      # fails |    Avg     Min     Max    Med |   req/s  failures/s
--------|----------------------------------------------------------------------------|-------|-------------|-------|-------|-------|-------|--------|-----------
GET      /                                                                              28009     0(0.00%) |     83      12     886     67 |  322.60        0.00
--------|----------------------------------------------------------------------------|-------|-------------|-------|-------|-------|-------|--------|-----------
         Aggregated                                                                     28009     0(0.00%) |     83      12     886     67 |  322.60        0.00

Type     Name                                                                          # reqs      # fails |    Avg     Min     Max    Med |   req/s  failures/s
--------|----------------------------------------------------------------------------|-------|-------------|-------|-------|-------|-------|--------|-----------
GET      /                                                                              28957     0(0.00%) |     82      12     886     67 |  322.50        0.00
--------|----------------------------------------------------------------------------|-------|-------------|-------|-------|-------|-------|--------|-----------
         Aggregated                                                                     28957     0(0.00%) |     82      12     886     67 |  322.50        0.00

Type     Name                                                                          # reqs      # fails |    Avg     Min     Max    Med |   req/s  failures/s
--------|----------------------------------------------------------------------------|-------|-------------|-------|-------|-------|-------|--------|-----------
GET      /                                                                              29392     0(0.00%) |     82      12     886     67 |  324.60        0.00
--------|----------------------------------------------------------------------------|-------|-------------|-------|-------|-------|-------|--------|-----------
         Aggregated                                                                     29392     0(0.00%) |     82      12     886     67 |  324.60        0.00

Type     Name                                                                          # reqs      # fails |    Avg     Min     Max    Med |   req/s  failures/s
--------|----------------------------------------------------------------------------|-------|-------------|-------|-------|-------|-------|--------|-----------
GET      /                                                                              29942     0(0.00%) |     81      12     886     67 |  324.30        0.00
--------|----------------------------------------------------------------------------|-------|-------------|-------|-------|-------|-------|--------|-----------
         Aggregated                                                                     29942     0(0.00%) |     81      12     886     67 |  324.30        0.00

Type     Name                                                                          # reqs      # fails |    Avg     Min     Max    Med |   req/s  failures/s
--------|----------------------------------------------------------------------------|-------|-------------|-------|-------|-------|-------|--------|-----------
GET      /                                                                              30918     0(0.00%) |     81      12     886     67 |  324.00        0.00
--------|----------------------------------------------------------------------------|-------|-------------|-------|-------|-------|-------|--------|-----------
         Aggregated                                                                     30918     0(0.00%) |     81      12     886     67 |  324.00        0.00

Type     Name                                                                          # reqs      # fails |    Avg     Min     Max    Med |   req/s  failures/s
--------|----------------------------------------------------------------------------|-------|-------------|-------|-------|-------|-------|--------|-----------
GET      /                                                                              31351     0(0.00%) |     81      12     886     67 |  323.40        0.00
--------|----------------------------------------------------------------------------|-------|-------------|-------|-------|-------|-------|--------|-----------
         Aggregated                                                                     31351     0(0.00%) |     81      12     886     67 |  323.40        0.00

Type     Name                                                                          # reqs      # fails |    Avg     Min     Max    Med |   req/s  failures/s
--------|----------------------------------------------------------------------------|-------|-------------|-------|-------|-------|-------|--------|-----------
GET      /                                                                              31901     0(0.00%) |     80      12     886     67 |  324.40        0.00
--------|----------------------------------------------------------------------------|-------|-------------|-------|-------|-------|-------|--------|-----------
         Aggregated                                                                     31901     0(0.00%) |     80      12     886     67 |  324.40        0.00

Type     Name                                                                          # reqs      # fails |    Avg     Min     Max    Med |   req/s  failures/s
--------|----------------------------------------------------------------------------|-------|-------------|-------|-------|-------|-------|--------|-----------
GET      /                                                                              32893     0(0.00%) |     80      12     886     67 |  330.20        0.00
--------|----------------------------------------------------------------------------|-------|-------------|-------|-------|-------|-------|--------|-----------
         Aggregated                                                                     32893     0(0.00%) |     80      12     886     67 |  330.20        0.00

Type     Name                                                                          # reqs      # fails |    Avg     Min     Max    Med |   req/s  failures/s
--------|----------------------------------------------------------------------------|-------|-------------|-------|-------|-------|-------|--------|-----------
GET      /                                                                              33320     0(0.00%) |     80      12     886     67 |  311.60        0.00
--------|----------------------------------------------------------------------------|-------|-------------|-------|-------|-------|-------|--------|-----------
         Aggregated                                                                     33320     0(0.00%) |     80      12     886     67 |  311.60        0.00

Type     Name                                                                          # reqs      # fails |    Avg     Min     Max    Med |   req/s  failures/s
--------|----------------------------------------------------------------------------|-------|-------------|-------|-------|-------|-------|--------|-----------
GET      /                                                                              33867     0(0.00%) |     79      12     886     67 |  327.30        0.00
--------|----------------------------------------------------------------------------|-------|-------------|-------|-------|-------|-------|--------|-----------
         Aggregated                                                                     33867     0(0.00%) |     79      12     886     67 |  327.30        0.00

Type     Name                                                                          # reqs      # fails |    Avg     Min     Max    Med |   req/s  failures/s
--------|----------------------------------------------------------------------------|-------|-------------|-------|-------|-------|-------|--------|-----------
GET      /                                                                              34862     0(0.00%) |     79      12     886     67 |  326.30        0.00
--------|----------------------------------------------------------------------------|-------|-------------|-------|-------|-------|-------|--------|-----------
         Aggregated                                                                     34862     0(0.00%) |     79      12     886     67 |  326.30        0.00

Type     Name                                                                          # reqs      # fails |    Avg     Min     Max    Med |   req/s  failures/s
--------|----------------------------------------------------------------------------|-------|-------------|-------|-------|-------|-------|--------|-----------
GET      /                                                                              35314     0(0.00%) |     79      12     886     67 |  326.60        0.00
--------|----------------------------------------------------------------------------|-------|-------------|-------|-------|-------|-------|--------|-----------
         Aggregated                                                                     35314     0(0.00%) |     79      12     886     67 |  326.60        0.00

Type     Name                                                                          # reqs      # fails |    Avg     Min     Max    Med |   req/s  failures/s
--------|----------------------------------------------------------------------------|-------|-------------|-------|-------|-------|-------|--------|-----------
GET      /                                                                              35823     0(0.00%) |     79      12     886     67 |  327.50        0.00
--------|----------------------------------------------------------------------------|-------|-------------|-------|-------|-------|-------|--------|-----------
         Aggregated                                                                     35823     0(0.00%) |     79      12     886     67 |  327.50        0.00

Type     Name                                                                          # reqs      # fails |    Avg     Min     Max    Med |   req/s  failures/s
--------|----------------------------------------------------------------------------|-------|-------------|-------|-------|-------|-------|--------|-----------
GET      /                                                                              36793     0(0.00%) |     78      12     886     67 |  327.60        0.00
--------|----------------------------------------------------------------------------|-------|-------------|-------|-------|-------|-------|--------|-----------
         Aggregated                                                                     36793     0(0.00%) |     78      12     886     67 |  327.60        0.00

Type     Name                                                                          # reqs      # fails |    Avg     Min     Max    Med |   req/s  failures/s
--------|----------------------------------------------------------------------------|-------|-------------|-------|-------|-------|-------|--------|-----------
GET      /                                                                              37238     0(0.00%) |     78      12     886     67 |  311.00        0.00
--------|----------------------------------------------------------------------------|-------|-------------|-------|-------|-------|-------|--------|-----------
         Aggregated                                                                     37238     0(0.00%) |     78      12     886     67 |  311.00        0.00

[2025-08-22 19:27:56,996] Pranshus-MacBook-Pro/INFO/locust.main: --run-time limit reached, shutting down
[2025-08-22 19:27:56,997] Pranshus-MacBook-Pro/INFO/locust.runners: Got quit message from master, shutting down...
[2025-08-22 19:27:56,997] Pranshus-MacBook-Pro/INFO/locust.runners: Got quit message from master, shutting down...
[2025-08-22 19:27:56,997] Pranshus-MacBook-Pro/INFO/locust.runners: Got quit message from master, shutting down...
[2025-08-22 19:27:56,997] Pranshus-MacBook-Pro/INFO/locust.runners: Got quit message from master, shutting down...
[2025-08-22 19:27:56,997] Pranshus-MacBook-Pro/INFO/locust.runners: Got quit message from master, shutting down...
[2025-08-22 19:27:56,997] Pranshus-MacBook-Pro/INFO/locust.runners: Got quit message from master, shutting down...
[2025-08-22 19:27:56,997] Pranshus-MacBook-Pro/INFO/locust.runners: Got quit message from master, shutting down...
[2025-08-22 19:27:56,997] Pranshus-MacBook-Pro/INFO/locust.runners: Got quit message from master, shutting down...
[2025-08-22 19:27:56,998] Pranshus-MacBook-Pro/INFO/locust.runners: Got quit message from master, shutting down...
[2025-08-22 19:27:56,998] Pranshus-MacBook-Pro/INFO/locust.runners: Got quit message from master, shutting down...
[2025-08-22 19:27:56,998] Pranshus-MacBook-Pro/INFO/locust.runners: Got quit message from master, shutting down...
[2025-08-22 19:27:57,067] Pranshus-MacBook-Pro/INFO/locust.runners: Worker 'Pranshus-MacBook-Pro.local_7605eddf66164be59e610f75f4435961' (index 2) quit. 0 workers ready.
[2025-08-22 19:27:57,067] Pranshus-MacBook-Pro/INFO/locust.main: Shutting down (exit code 0)
[2025-08-22 19:27:57,077] Pranshus-MacBook-Pro/INFO/locust.runners: Worker 'Pranshus-MacBook-Pro.local_eeb598652d1a4b6a99421437976561c0' (index 9) quit. 0 workers ready.
[2025-08-22 19:27:57,077] Pranshus-MacBook-Pro/INFO/locust.main: Shutting down (exit code 0)
[2025-08-22 19:27:57,078] Pranshus-MacBook-Pro/INFO/locust.runners: Worker 'Pranshus-MacBook-Pro.local_433e57aa30dc46f7a600c6d87f648207' (index 10) quit. 0 workers ready.
[2025-08-22 19:27:57,078] Pranshus-MacBook-Pro/INFO/locust.main: Shutting down (exit code 0)
[2025-08-22 19:27:57,081] Pranshus-MacBook-Pro/INFO/locust.runners: Worker 'Pranshus-MacBook-Pro.local_4a6c3c65fa614eb79fcb5cc23e562ec9' (index 3) quit. 0 workers ready.
[2025-08-22 19:27:57,080] Pranshus-MacBook-Pro/INFO/locust.main: Shutting down (exit code 0)
[2025-08-22 19:27:57,082] Pranshus-MacBook-Pro/INFO/locust.runners: Worker 'Pranshus-MacBook-Pro.local_094cd99a8e4f4722ba447690c9ea66af' (index 6) quit. 0 workers ready.
[2025-08-22 19:27:57,082] Pranshus-MacBook-Pro/INFO/locust.main: Shutting down (exit code 0)
[2025-08-22 19:27:57,084] Pranshus-MacBook-Pro/INFO/locust.main: Shutting down (exit code 0)
[2025-08-22 19:27:57,084] Pranshus-MacBook-Pro/INFO/locust.runners: Worker 'Pranshus-MacBook-Pro.local_ece4fd0993664dd7a6b93f1989c59840' (index 5) quit. 0 workers ready.
[2025-08-22 19:27:57,086] Pranshus-MacBook-Pro/INFO/locust.runners: Worker 'Pranshus-MacBook-Pro.local_023fc80ce0164067aaa79ca79973ab1c' (index 1) quit. 0 workers ready.
[2025-08-22 19:27:57,086] Pranshus-MacBook-Pro/INFO/locust.main: Shutting down (exit code 0)
[2025-08-22 19:27:57,090] Pranshus-MacBook-Pro/INFO/locust.runners: Worker 'Pranshus-MacBook-Pro.local_c6ac62f4db1a4c088ab1ad60b2552ece' (index 0) quit. 0 workers ready.
[2025-08-22 19:27:57,090] Pranshus-MacBook-Pro/INFO/locust.runners: Worker 'Pranshus-MacBook-Pro.local_b20760de342f456e986678e1d8380d9f' (index 7) quit. 0 workers ready.
[2025-08-22 19:27:57,090] Pranshus-MacBook-Pro/INFO/locust.main: Shutting down (exit code 0)
[2025-08-22 19:27:57,090] Pranshus-MacBook-Pro/INFO/locust.main: Shutting down (exit code 0)
[2025-08-22 19:27:57,092] Pranshus-MacBook-Pro/INFO/locust.main: Shutting down (exit code 0)
[2025-08-22 19:27:57,093] Pranshus-MacBook-Pro/INFO/locust.runners: Worker 'Pranshus-MacBook-Pro.local_88a5bc83155e4936ade163ec0db96369' (index 4) quit. 0 workers ready.
[2025-08-22 19:27:57,094] Pranshus-MacBook-Pro/INFO/locust.main: Shutting down (exit code 0)
[2025-08-22 19:27:57,095] Pranshus-MacBook-Pro/INFO/locust.runners: Worker 'Pranshus-MacBook-Pro.local_6458726a4eac48a5819e2273ca39d022' (index 8) quit. 0 workers ready.
[2025-08-22 19:27:57,095] Pranshus-MacBook-Pro/INFO/locust.runners: The last worker quit, stopping test.
[2025-08-22 19:27:58,005] Pranshus-MacBook-Pro/INFO/locust.main: Shutting down (exit code 0)
Type     Name                                                                          # reqs      # fails |    Avg     Min     Max    Med |   req/s  failures/s
--------|----------------------------------------------------------------------------|-------|-------------|-------|-------|-------|-------|--------|-----------
GET      /                                                                              38107     0(0.00%) |     78      12     886     67 |  317.32        0.00
--------|----------------------------------------------------------------------------|-------|-------------|-------|-------|-------|-------|--------|-----------
         Aggregated                                                                     38107     0(0.00%) |     78      12     886     67 |  317.32        0.00

Response time percentiles (approximated)
Type     Name                                                                                  50%    66%    75%    80%    90%    95%    98%    99%  99.9% 99.99%   100% # reqs
--------|--------------------------------------------------------------------------------|--------|------|------|------|------|------|------|------|------|------|------|------
GET      /                                                                                      67     73     78     81     94    140    270    410    700    860    890  38107
--------|--------------------------------------------------------------------------------|--------|------|------|------|------|------|------|------|------|------|------|------
         Aggregated                                                                             67     73     78     81     94    140    270    410    700    860    890  38107

